sample_id	library_size	condition	tp53_status	lfs_status
GSM9193483	45534668	Tumor	WT	Non_LFS
GSM9193484	125786	Normal	WT	Non_LFS
GSM9193485	4553028	Tumor	WT	Non_LFS
GSM9193486	1581646	Normal	WT	Non_LFS
GSM9193487	3046187	Tumor	WT	Non_LFS
GSM9193488	453564	Normal	WT	Non_LFS
GSM9193489	5550622	Tumor	WT	Non_LFS
GSM9193490	4961760	Normal	WT	Non_LFS
GSM9193491	5190958	Tumor	WT	Non_LFS
GSM9193492	3119834	Normal	WT	Non_LFS
GSM9193493	5334058	Normal	Mutant	LFS
GSM9193494	3830849	Tumor	Mutant	LFS
GSM9193495	17319648	Tumor	Mutant	LFS
GSM9193497	2062222	Tumor	Mutant	LFS
GSM9193498	25537190	Tumor	Mutant	LFS
GSM9193499	4561260	Tumor	WT	Non_LFS
GSM9193500	4517532	Normal	WT	Non_LFS
GSM9193501	2046834	Tumor	WT	Non_LFS
GSM9193502	4105346	Normal	WT	Non_LFS
GSM9193503	4711050	Tumor	WT	Non_LFS
GSM9193504	32338163	Normal	WT	Non_LFS
GSM9193505	3757762	Tumor	WT	Non_LFS
GSM9193506	4743905	Normal	WT	Non_LFS
GSM9193507	4268849	Tumor	WT	Non_LFS
GSM9193508	4251207	Normal	WT	Non_LFS
GSM9193509	4961213	Tumor	WT	Non_LFS
GSM9193510	4526917	Normal	WT	Non_LFS
GSM9193511	3831296	Tumor	WT	Non_LFS
GSM9193512	62668225	Normal	WT	Non_LFS
GSM9193513	3761438	Tumor	WT	Non_LFS
GSM9193514	4674597	Normal	WT	Non_LFS
GSM9193515	4179853	Tumor	WT	Non_LFS
GSM9193516	4377364	Normal	WT	Non_LFS
GSM9193517	4457361	Tumor	WT	Non_LFS
GSM9193518	4475095	Tumor	WT	Non_LFS
GSM9193519	4294517	Normal	WT	Non_LFS
GSM9193520	5643576	Normal	WT	Non_LFS
GSM9193521	5485694	Tumor	WT	Non_LFS
GSM9193522	4084652	Tumor	WT	Non_LFS
GSM9193523	3873500	Normal	WT	Non_LFS
GSM9193525	191537	Tumor	Mutant	LFS
GSM9193526	5483054	Tumor	Mutant	LFS
GSM9193527	5770261	Normal	WT	Non_LFS
GSM9193528	4357111	Tumor	WT	Non_LFS
GSM9193529	7041978	Tumor	Mutant	LFS
GSM9193530	4509462	Tumor	Mutant	LFS
GSM9193531	3299022	Tumor	Mutant	LFS
GSM9193532	7659842	Tumor	Mutant	LFS
GSM9193533	5528342	Tumor	Mutant	LFS
GSM9193534	4925405	Tumor	Mutant	LFS
GSM9193535	5325954	Tumor	Mutant	LFS
GSM9193536	4757984	Tumor	Mutant	LFS
GSM9193537	4668934	Tumor	Mutant	LFS
GSM9193538	14775535	Tumor	Mutant	LFS
GSM9193539	6378443	Tumor	WT	Non_LFS
GSM9193540	6075754	Tumor	Mutant	LFS
GSM9193541	6475033	Tumor	Mutant	LFS
GSM9193543	4549298	Tumor	Mutant	LFS
GSM9193544	4241379	Tumor	WT	Non_LFS
GSM9193545	4756476	Normal	WT	Non_LFS
GSM9193546	6426699	Tumor	Mutant	LFS
GSM9193548	5310257	Tumor	WT	Non_LFS
GSM9193549	4158482	Normal	WT	Non_LFS
GSM9193551	6802787	Tumor	Mutant	LFS
GSM9193552	6162087	Tumor	Mutant	LFS
GSM9193553	3837476	Tumor	WT	Non_LFS
GSM9193554	4166365	Normal	WT	Non_LFS
GSM9193555	4404838	Tumor	WT	Non_LFS
GSM9193556	32787897	Normal	WT	Non_LFS
